location_id,location_name,latitude,longitude,ev_demand,installation_cost,station_capacity,grid_capacity,distance_from_major_road,land_availability,existing_station_distance
L01,Guindy,13.0067,80.2206,198,9.2,240,320,0.4,Yes,3.1
L02,Anna Nagar,13.0850,80.2101,162,9.5,180,240,0.5,Yes,2.8
L03,T. Nagar,13.0418,80.2341,221,9.8,200,280,0.6,Yes,1.2
L04,Adyar,13.0012,80.2565,185,9.1,240,300,0.3,Yes,2.0
L05,Velachery,12.9815,80.2180,207,8.9,200,260,0.4,Yes,1.6
L06,Nungambakkam,13.0569,80.2425,143,10.2,180,220,0.7,Yes,3.4
L07,Egmore,13.0732,80.2609,134,9.4,160,200,0.8,Yes,2.5
L08,Porur,13.0358,80.1567,148,8.7,200,240,0.5,Yes,4.2
L09,Ambattur,13.1143,80.1548,156,8.5,200,280,0.6,Yes,3.8
L10,Avadi,13.1153,80.1048,112,8.0,160,200,1.2,Yes,5.1
L11,Tambaram,12.9249,80.1000,178,8.4,240,320,0.7,Yes,2.3
L12,Pallavaram,12.9675,80.1491,145,8.6,180,240,0.5,Yes,3.0
L13,Chromepet,12.9516,80.1462,139,8.8,200,260,0.6,Yes,2.6
L14,Perungudi,12.9669,80.2452,187,9.3,240,300,0.4,Yes,1.8
L15,Thoraipakkam,12.9394,80.2317,194,9.0,200,280,0.5,Yes,2.1
L16,Sholinganallur,12.9010,80.2279,212,8.8,240,320,0.3,Yes,1.4
L17,OMR Phase 1,12.9249,80.2064,203,9.1,240,340,0.4,Yes,1.9
L18,Medavakkam,12.9246,80.1954,166,8.6,180,240,0.8,Yes,3.3
L19,Poonamallee,13.0466,80.1165,121,8.3,160,200,1.0,Yes,4.7
L20,Royapettah,13.0524,80.2602,158,10.4,180,220,0.9,Yes,2.9
